Post ID,label
pews5s,1
lbhshn,1
fzfth9,1
pdxqz6,1
n18g5b,1
a8324w,1
pe1fje,1
iy5uv3,1
ms5dxr,1
nsihvb,1
gy5pdd,1
buq56r,1
earwhf,1
jxcbzs,1
bgsncx,1
bkit8n,1
emnl5m,1
fjthj0,1
fxqxbw,1
iyxuie,1
e7hn1v,1
pegqzk,1
k16v6q,1
nmgxa1,1
l1hote,1
l6ju9m,1
7yihu5,1
k9xxej,1
cmpjfb,1
zpxc5j,1
ljir0l,1
obhvg8,1
102epge,1
hits01,1
ajcyb3,1
11bjt3m,1
ftz3cf,1
dlp6ws,1
pevkhu,1
pf2gtl,1
bhlyu2,1
bk95p0,1
mjrq64,1
ha8f1z,1
gq7d8w,1
117iyp3,1
khgvxy,1
io8mpe,1
kdpiwa,1
ee4yks,1
pezehy,1
jz3rhk,1
hytn8f,1
dppzpe,1
kyx97d,1
kywp0i,1
peawpl,1
7bv27g,1
jhc5fc,1
dos5z4,1
jklekt,1
b0skr0,1
tu2fj9,1
dtjg6g,1
pf9wqs,1
7tk5tf,1
10qlazr,1
e4v7x8,1
m4q5rc,1
y9c8nz,1
g41t6v,1
bz1gg4,1
gyyood,1
zvthcz,1
gmz2ms,1
pdzi8b,1
lcfdn4,1
bq2hh6,1
83pe0n,1
gl8538,1
ilt6cy,1
eo7nom,1
8ilu0w,1
mjimbp,1
pelfqm,1
kk4ec0,1
el7p7n,1
cixiw4,1
brffm6,1
g6ac7h,1
odc7f5,1
pdvus2,1
f9rtou,1
jfqjs7,1
8r2e5t,1
bs3ntr,1
6lbzd6,1
ciazd5,1
nywion,1
nl6smf,1
pdjzf6,1
z5hl9d,1
i3lfbz,1
p1jxin,1
pdz5xq,1
g7pfz5,1
gttjis,1
kaocns,1
fqquhp,1
mhufwt,1
8vrzwv,1
bm4ixb,1
oo9i2l,1
lgdpee,1
nfbms8,1
ge3im2,1
kr0457,1
pdnw9r,1
e93rcr,1
pen3fu,1
d86ioa,1
j7mwhi,1
g2ojjp,1
oa0son,1
nkilbu,1
n6qalo,1
4yqi2p,1
kp36xf,1
kp36nd,1
j6rtf8,1
kjpxrt,1
kjpy5l,1
n657pm,1
n1wn5z,1
n1wmca,1
pkoyvf,1
nlqte2,1
pf0f1n,1
i8nvim,1
i2h6dv,1
peexxb,1
bvup45,1
pf9j6z,1
h90582,1
o3s5zt,1
cnp01x,1
10wpv67,1
huo1l3,1
nqdie1,1
da725t,1
pf8qwg,1
pea0ar,1
gliw37,1
ozexcn,1
m61hq5,1
cwsoi9,1
p4x57y,1
h9ijwy,1
peqsd9,1
dk44jz,1
p75doa,1
krxibh,1
pdp57l,1
pewga9,1
jdjfr2,1
he3cji,1
pe1gma,1
i57ptq,1
ccg12j,1
cjubn1,1
hetkuq,1
peqn4l,1
f1op1n,1
9vo5qb,1
b054x1,1
pf9gz2,1
pf9i2u,1
i5w6on,1
nnhsft,1
pe1ku6,1
dyazjo,1
olksuw,1
o1dkz4,1
g36yxc,1
cuuc5n,1
6mplah,1
fozmk5,1
dd2bcs,1
cic8ji,1
i4l3de,1
zw2eyg,1
edpkii,1
dkx9yc,1
5boazt,1
hewkp1,1
jlz3ov,1
gu2t3w,1
9ww6ak,1
pe6cdf,1
da4nqk,1
8f45ek,1
q5f47a,1
fbu6ub,1
9okq9h,1
j4zjq7,1
kj6bbe,1
kj6d0z,1
nkakld,1
iv21g3,1
forqa0,1
gg2a1c,1
nghglj,1
nghfpw,1
gk067l,1
meothr,1
go9w1k,1
pemkag,1
lzvav6,1
pdr5wl,1
mix78m,1
l7xtbx,1
108kcuf,1
zbfqzp,1
my7nnh,1
990xe7,1
osgpxe,1
jhy5zx,1
pevkuk,1
cxbnat,1
n0x0ut,1
n0wmgq,1
10czkgu,1
86rfig,1
Just pointing it out.,1
cj1d4o,1
lsb7t3,1
lce9ou,1
pf09ii,1
mm4gkm,1
di7k1v,1
9au31d,1
pec4hw,1
11ezpvr,1
iuaj15,1
k12ia9,1
el7ywf,1
p43lmf,1
105z233,1
gv1cqg,1
dop467,1
b01f5l,1
pe6jw2,1
mqil6x,1
h07egv,1
isa44s,1
hthq74,1
pdu848,1
mqx713,1
ky457l,1
yu65fb,1
k4u5ft,1
7nz15c,1
kvbmos,1
jgz5mn,1
jbhs1k,1
nt2j6i,1
fmai99,1
emlk1o,1
pe530k,1
7c7unq,1
pdofxz,1
j4jfc2,1
mba9v8,1
f8my0v,1
kzsc2j,1
krbd3e,1
pei3fz,1
k4dco9,1
jo8hjk,1
aymquh,1
hwc0xk,1
4ac5s7,1
mrwj68,1
mxqcva,1
cjo7ts,1
ix5il7,1
fd0eer,1
nn8aps,1
59449g,1
1014ijm,1
100zn3b,1
pekcc4,1
mfaqha,1
8yvqlv,1
b532kg,1
kgezuq,1
pea2pq,1
l1o4mg,1
k6f1zu,1
ifxaf7,1
nfly9r,1
82k8q9,1
pebn9b,1
lytk08,1
8wzyys,1
pebk3j,1
pevd7p,1
er2ggh,1
l08y3f,1
id0rip,1
adb7g7,1
f1djgl,1
ho0s3i,1
pevem9,1
bddugg,1
7uk84c,1
ebhs7s,1
c5z63l,1
a187ba,1
n6fydg,1
ktgmrc,1
pew282,1
701r6k,1
fs78rp,1
pe266g,1
h959qu,1
ouadyj,1
fzngrr,1
gosn41,1
yy9alm,1
oa8cn7,1
uvhram,1
p0jwft,1
c2ecyv,1
gvzw0u,1
na28oa,1
jc3g1d,1
nw075v,1
fl5axx,1
ijb81s,1
1vcxfd,1
kjncvi,1
k47q9a,1
larxv1,1
gg2p8a,1
o0pitt,1
o0p4bt,1
8dfi1b,1
dg2txd,1
edyzn7,1
xc5h8f,1
ewwkct,1
6nfgvt,1
pdoa86,1
lq9n4e,1
ncqwsl,1
kgzymo,1
mp3481,1
mp1t9d,1
n9123c,1
pf8v0b,1
i0nm3y,1
n1r1jz,1
n1r2me,1
aw7vhp,1
b52zri,1
bam1f4,1
jp1zmd,1
penhj3,1
mw2zhu,1
effx75,1
aptvur,1
mcimvi,1
jygm7t,1
pefoh7,1
hktlfr,1
dpadbk,1
jltif2,1
iwv0ns,1
bl099d,1
a6i9ww,1
j1158l,1
m3yrwq,1
hjerm3,1
j9mls7,1
n5csdk,1
pe9otu,1
cl8x3x,1
l02zo4,1
n2o6u3,1
hu9whb,1
pfag6q,1
nk91a3,1
g6jgq0,1
li0xrl,1
pdq6lt,1
z2nwg7,1
hfv39a,1
gnditv,1
k0gs47,1
hee2ak,1
npxfdi,1
crfugo,1
juifes,1
hlehhg,1
epzakv,1
pf9mm3,1
o7re24,1
h189bq,1
jpqevo,1
pdrkr8,1
liznl9,1
pe3fp9,1
ctruu6,1
imvhvv,1
k9rfuf,1
owaa4g,1
gdbth4,1
pb1ltt,1
n8et03,1
pev52z,1
pehgkk,1
lv9vcd,1
e2ne5e,1
nz02s7,1
unr2n4,1
mardj1,1
munj8o,1
peom3s,1
ipusdj,1
pf90ox,1
pee3hr,1
dvebhg,1
ij3ko2,1
e8370g,1
izcoqm,1
fsg8zk,1
k5f6cf,1
dwwrnm,1
fz98lj,1
ig9hl8,1
c3tvf8,1
e4wpyx,1
jr9klb,1
dcb40b,1
g047zl,1
clsjfe,1
f717st,1
czo1ne,1
pe4tdg,1
pewygz,1
pebygt,1
z7xdrr,1
l2x35l,1
106zyrh,1
lfiqxy,1
jenqi9,1
cej68f,1
w1q38u,1
96jisn,1
c49m8a,1
jmunx3,1
momm8h,1
gcilfv,1
ncdek4,1
10d7i10,1
za35nf,1
lsfy7n,1
lzrhf2,1
faauyv,1
n7verc,1
ly7gi4,1
8orsvo,1
o708cf,1
hkt00s,1
i2wl5m,1
k15h4m,1
matvdh,1
peenaf,1
49zipa,1
i90564,1
jul338,1
7asqmg,1
92y0ub,1
c5ensy,1
emcnli,1
bi0bf7,1
bxxohr,1
onww12,1
gzmxu1,1
hpsn95,1
he0awv,1
kp66b8,1
7xx9t1,1
whx1ma,1
iozmjp,1
nkcjtt,1
l3y52m,1
8s984e,1
ecb4lx,1
d0t7yd,1
kc2c5u,1
blpehw,1
b7q1kc,1
pfc7rm,1
pezgdq,1
h9aye5,1
cpvwhh,1
h88bej,1
fti8nr,1
ib5yt4,1
d2ao8f,1
n2nqpm,1
g20sva,1
73t0n5,1
jaf1im,1
pdyydq,1
f7m2s8,1
elm1jv,1
om6dn3,1
dt5r5o,1
nm6lwd,1
nadhtn,1
hlaqwq,1
jbepd5,1
n1bh9y,1
lg9utn,1
b2y5m1,1
nsu4zb,1
b5axha,1
mkjonb,1
n5hiet,1
kbw0wb,1
cqle51,1
bbniu9,1
b6cq6s,1
bfdj1w,1
mjon3g,1
o0q0am,1
nb67q8,1
nmp4lk,1
h78h89,1
jcfana,1
ohe2w7,1
m5fyfu,1
kl1hl1,1
fs3x3p,1
d0fwlz,1
ipddr8,1
fj7txw,1
ec1b4h,1
jt7d24,1
er2tet,1
cg0kbg,1
aw57gt,1
o947zb,1
m7z2cu,1
k0hfv9,1
klx0s2,1
pe8lnw,1
768iej,1
ekh56q,1
m937mp,1
b3msp3,1
lzhxki,1
j281k8,1
ly8dvh,1
jjye6y,1
n58c4w,1
ahv5ot,1
nmxs6j,1
8iydzs,1
4hsc5x,1
7nlvdn,1
5b6b9x,1
fgk5q7,1
k19gx1,1
8zb3l4,1
p28j6f,1
jnom1h,1
m3rx6i,1
j6s92f,1
gj9ibe,1
bsq4xg,1
m04nsd,1
74esfs,1
m8fbw6,1
b2swdo,1
lbt4l8,1
js5x6s,1
byn97c,1
k40de1,1
m8jzuk,1
ljxpv3,1
967h5n,1
jnxvvb,1
de9hbx,1
cbkjce,1
ic7re7,1
821imj,1
knlum9,1
kzyamc,1
nohu5y,1
8g5jbu,1
lh9m3m,1
mu0piq,1
f4hmid,1
ibid04,1
86bom1,1
kwr5sk,1
8pv5ek,1
bjfowe,1
o0im6f,1
l9pjzr,1
8cb4s3,1
jp11vd,1
mxznu8,1
knq69b,1
hpyr78,1
edijl3,1
k7uvab,1
bnn66a,1
l37j0l,1
nj59l2,1
ftfyu5,1
mytv6s,1
njuqqh,1
j5qy49,1
mn915i,1
l8duyi,1
8jtjzp,1
gc6s92,1
k4skp5,1
dv7rio,1
dgap3d,1
bamdob,1
jcl85y,1
cgmvga,1
opu21r,1
mme025,1
k4tdjp,1
i98kr7,1
f42boh,1
g6fa8o,1
jjiu7o,1
i4mddb,1
gzkq1p,1
msxdli,1
h9n3y5,1
c68a4u,1
b3qnda,1
mfyyez,1
od4im0,1
7un2ce,1
mtc36w,1
g5otbh,1
jorzwr,1
ogwaq3,1
mjl2u7,1
fd5hzt,1
mv9xdz,1
mxeakk,1
m9iq0k,1
ggwxjt,1
gd701o,1
kf5juc,1
9adv1m,1
54bwhy,1
ol9unp,1
iba3yd,1
kfyzo1,1
mg3e61,1
mgfwp6,1
j3m2vq,1
dqrqfw,1
f9v9cd,1
kdrg1n,1
nepruc,1
ki36ut,1
mmwb88,1
dqjg3v,1
kwdvlf,1
j1y47n,1
gy3nvq,1
e59nws,1
jti3qh,1
gisinz,1
frdpa4,1
h116nc,1
n1qewv,1
mcxhsr,1
ntfxkt,1
64xboo,1
nlil7h,1
hug61l,1
i0pdab,1
ngy75x,1
ecnrvu,1
a4blsf,1
mtfjtd,1
ln1hhi,1
n5hqbt,1
d0zwi7,1
i8ia70,1
l4cfbz,1
9eaqou,1
fm6xhr,1
ohn6bq,1
9muoyo,1
cts7np,1
kqao7t,1
kvtr8l,1
evkcil,1
kqhldf,1
b7yy99,1
nr42i5,1
hnnybt,1
b78iwd,1
olbmxe,1
fxcuhn,1
i52o6h,1
gs8f4e,1
kp10z5,1
e5zo4z,1
9fs7zg,1
fdvfg6,1
2jmuz6,1
e8vgf2,1
cdtejf,1
hnaxsl,1
oakz8s,1
al2rbz,1
ltfsdp,1
pfabbs,1
hlnfd5,1
iwizw4,1
f7rsok,1
mlspfg,1
p176oi,1
nwvwc4,1
gfjer0,1
hmvlzp,1
mtqxkj,1
n84h19,1
mo4ei2,1
ea83qk,1
gp52qj,1
ng4uls,1
5mh27p,1
f90tbc,1
k0qnws,1
dll7sn,1
a173gh,1
bdjpyy,1
nbt8wu,1
nev07t,1
n3lkya,1
n0mkhx,1
mthpvt,1
k5in5p,1
n5x51h,1
7kofxk,1
a385ln,1
6htcej,1
kxmszy,1
obrhb1,1
b17807,1
mvspq0,1
c4g98u,1
dngse0,1
bsv0ri,1
hd7tci,1
ooikpf,1
ek9jd6,1
cucp71,1
laqg06,1
l502tj,1
b63d45,1
b9o301,1
15vjji,1
c7g96j,1
jy8dv8,1
klfm5g,1
octriy,1
faqqip,1
gtjyrg,1
fuuo6s,1
cq50hw,1
bgpfx6,1
d8nrg0,1
mfmlw8,1
gmdv2d,1
9hvjn4,1
n0m0zm,1
lc3hz5,1
eqpcf2,1
n0l82s,1
nh3oep,1
g3vp8b,1
mb6jfq,1
fak03r,1
jz8ood,1
gigpjo,1
ol1cmr,1
leoscd,1
da2nt4,1
njgjny,1
n0cejl,1
a76tom,1
e9gpyq,1
8gwa92,1
jw471g,1
cv6pwi,1
f6o3o8,1
agwza0,1
cywlnf,1
73eqv8,1
mg21o2,1
g706z9,1
n58lew,1
ctsrl3,1
8koza6,1
6yymps,1
g8q2kw,1
helouy,1
ierol2,1
ekvdzb,1
6hd7wq,1
i8dnj9,1
l36d58,1
jx5e2k,1
d1bq51,1
j6m8fa,1
ojh6la,1
cowbk5,1
pf6bl0,1
ehf3y8,1
nlwq86,1
o9989a,1
283uyf,1
b73ezz,1
mp9ic0,1
ciyxpc,1
dw3yui,1
niildv,1
iffcm3,1
n41vmh,1
bdp2hb,1
egy2zg,1
j5loni,1
f80f6z,1
e6cl0f,1
ty6g50,1
eld3iz,1
ob2oas,1
o4tko2,1
mzzffq,1
kq6a2g,1
padt2m,1
d9ovul,1
npx4yx,1
nt3sdp,1
anuj8g,1
m9w5et,1
n0h59k,1
mxfdig,1
cn7ivq,1
ggvg14,1
obqclg,1
ebb6pr,1
fy2meq,1
mx61vj,1
ni0ngw,1
o1sj3u,1
msu7xq,1
lrqjqb,1
nf1avl,1
aiub5l,1
fvnk9n,1
klg5b4,1
g6kd1c,1
i00o8d,1
k9csus,1
dedpaw,1
n8igh2,1
ngcm6y,1
j2v0wl,1
j4b5t4,1
ldvkqe,1
nv4f4f,1
eaeqb7,1
9f15t7,1
bvphir,1
ohqrb2,1
eky9tj,1
ofklq7,1
jv75lg,1
dsogv4,1
m1uvme,1
ocp8t9,1
ky4kqv,1
kx6348,1
b1y7ax,1
fiv4l7,1
jlxwlt,1
76w155,1
g6xepo,1
9nl22y,0
ouc74u,0
ahev60,0
y6e2nd,0
105w0fx,0
o1pjo2,0
100ncrh,0
o4yfcc,0
ob4ys7,0
58go9m,0
oy8kdx,0
p661aw,0
1066co1,0
116a1m1,0
zr9njr,0
qcrtdl,0
q8cuei,0
11cn31k,0
11qh1hl,0
satyv1,0
2zwful,0
x6pp7s,0
scv91q,0
10ki6xs,0
rysvtx,0
7iaamw,0
o4mpl1,0
6a4ebn,0
q04vb8,0
rsszko,0
ztoqvt,0
45qekv,0
vk7k05,0
11qexhq,0
pploz8,0
u081mx,0
ou51jw,0
pyhcm9,0
10sbqg2,0
o2atln,0
qfiwnj,0
o2jbr0,0
10mfdl9,0
1163e5w,0
ou9can,0
p9tgat,0
prp4ny,0
qako8c,0
11avfqq,0
qm48qk,0
qy89h6,0
fe7099,0
97s295,0
p82rc8,0
11qja22,0
1r8toz,0
118s1lq,0
zoojru,0
y6fl3p,0
bzdf11,0
p4mdvb,0
101vzab,0
b99dpy,0
tpnzw0,0
q1obj6,0
nrkut8,0
zvxmqj,0
pmi4gs,0
a08aci,0
10s37wf,0
11da2jf,0
iemcyo,0
gn0bky,0
px1ibi,0
xnemne,0
o8vyaa,0
zvn5d9,0
147w5w,0
vkztrm,0
scrryh,0
x8w6o7,0
o67zl4,0
py6ey4,0
oe6tvm,0
xvufwt,0
10ob0ih,0
xnixg9,0
p46ryq,0
ouahu9,0
pvlnc7,0
oj7e2x,0
ev9aaf,0
5wdbum,0
yz0nkj,0
q4i5pw,0
ngq9m8,0
o6104p,0
psgb4b,0
z01jnd,0
pvbdtt,0
10w9s4b,0
yzsic1,0
nxlsz6,0
oy8m3k,0
lcyw44,0
q5pvas,0
x08m6b,0
kodiga,0
z4mq8k,0
o4logh,0
q6xraj,0
11ixxhu,0
pzhhl7,0
xgz404,0
pfe971,0
ppn737,0
j2hlks,0
bc71tx,0
101qvfl,0
ukzueu,0
x20iwn,0
vgmk5y,0
101cavb,0
q76k1k,0
pnwimp,0
zeyyva,0
114igeh,0
qgkt0i,0
o349q7,0
ydmpn,0
hvdcwk,0
q415xu,0
pj3q3a,0
9njm57,0
1pjvtw,0
ktbtur,0
b0s78o,0
10bt327,0
11k6sua,0
qft3dl,0
ogxvc8,0
zxcicv,0
a5tleq,0
pxwapl,0
1ct1al,0
nrigit,0
s44m1a,0
ym7nrr,0
of80cz,0
nw4u1s,0
z5tiz4,0
p5dngz,0
qrk26q,0
7tzw62,0
nqh5r1,0
q718qo,0
on73jd,0
pxrxjx,0
lmxpfm,0
p3jb99,0
11dh9ea,0
zwa2qn,0
ns8s0k,0
119ngwj,0
qc3ljh,0
aiuzwy,0
zyo7nb,0
p3xio2,0
ptgi7o,0
nuo306,0
p8j1xg,0
gnhkh,0
112a4n1,0
2b70w4,0
zq6rm7,0
uzhtd,0
pu9cgr,0
syhzlp,0
x19ere,0
po894c,0
pcc38r,0
yz2f4f,0
aqncz3,0
zwed3p,0
pe9kx8,0
pgghel,0
q3egdg,0
ode2vx,0
20owe6,0
nwc0m7,0
qdm64i,0
sbhtcg,0
kzxycx,0
qblpjv,0
vcku86,0
o9m5cl,0
rjou99,0
zz88nn,0
9y6qkv,0
ks6xib,0
o049cy,0
7rrhd6,0
yzj9au,0
p25hnj,0
oil4jq,0
pqa7cu,0
we0v1o,0
pyt9em,0
10rrex2,0
op6wu0,0
oubty7,0
noogzw,0
1108j7p,0
ctt991,0
115pof4,0
xvht1w,0
bzl1k8,0
zsl9km,0
pg89q0,0
nw4u1f,0
pkw6gn,0
106few0,0
pnvki7,0
na4iet,0
bm1et7,0
108ibha,0
zgjrm2,0
114jeis,0
oqnbwr,0
10qyyqm,0
lnwgja,0
pdlicy,0
ns4sk4,0
pofp71,0
prwl76,0
sdbdgy,0
q2w6v5,0
ogyicr,0
ok5yuz,0
ob50h7,0
mf91zo,0
100ry9d,0
sv7evj,0
yhjdkz,0
hnkkjf,0
we6ve4,0
p9syg3,0
por05x,0
pdu9k5,0
o3oar1,0
s47go3,0
zjpmcy,0
ph4ry5,0
pv1x6h,0
qdenq1,0
p4q8aa,0
oboxhu,0
o4gyk8,0
vtc90c,0
qi4o8x,0
vev8rm,0
o1rbp7,0
fea6w6,0
xli2d6,0
o7c9bs,0
qeu9ta,0
q886fy,0
q2l2kr,0
1069ya5,0
d2ybzb,0
p7mos4,0
abig1n,0
5ffg1g,0
zmuisq,0
11qxmbz,0
107hl8p,0
6n4oac,0
ogjrlr,0
psc53b,0
ppwd7a,0
ywuzhs,0
pphxbj,0
os7xgq,0
nsq6do,0
lcfynf,0
11moton,0
y084xy,0
q054qz,0
ntysyh,0
oxyg44,0
41g6q3,0
oqj9w7,0
px1md9,0
955id6,0
9wtjdy,0
p8t6j5,0
98tm6w,0
pzkwup,0
mnmtgs,0
10pxrd8,0
q4h08e,0
oxbwpd,0
x6yret,0
zbokd6,0
oq4t9j,0
j3k7wg,0
y8ptxi,0
yhdap,0
445nmj,0
11msie4,0
f7vvhv,0
qfasd3,0
l6mbfu,0
ofcy5d,0
11iz8fc,0
cd8z52,0
plefgg,0
oqpe4b,0
92xce9,0
pou2jh,0
ux9joe,0
y9rpsl,0
989wqz,0
b4n2rd,0
oyst8y,0
xxwthn,0
pm4oss,0
pc8l6w,0
f5c8dx,0
11jtp1z,0
qk3kaj,0
sy4572,0
p86g2c,0
nsgrlz,0
p9kcqf,0
y6o69t,0
pqkbv4,0
7ts74s,0
ujt9gl,0
nsqrjn,0
pwoqlz,0
badxlb,0
oxoh5j,0
ouzvmw,0
qazs9t,0
e9hqfh,0
9ah9t3,0
11c5o3s,0
oa6htl,0
fmvkwl,0
tudgon,0
d1bgnz,0
nvdaj2,0
qw2cp2,0
o3rv4k,0
10s2g13,0
obmn67,0
pwwomd,0
117nul7,0
p300j5,0
o4n8hl,0
ntwlh6,0
afmj62,0
zbypv7,0
pse7s0,0
ntzdtd,0
o4dfo0,0
pd1kxy,0
11b9k6m,0
pvquie,0
qf6k7j,0
ppbaad,0
pkdhei,0
og87qz,0
qgy2tx,0
uyx5rq,0
zudc0i,0
nxhdl3,0
x0tgo0,0
114en97,0
o75z2n,0
wv8nlp,0
p0oth6,0
ppdo81,0
edxsqo,0
o3r1kf,0
p9gtgb,0
ouedua,0
zbarnr,0
10gasks,0
o80cx4,0
o7fhm4,0
efoxiq,0
q8obgl,0
oakr19,0
ondsz5,0
ua0lq0,0
c9k1ii,0
ver0pq,0
hwgljo,0
on9jcy,0
pjvr7p,0
fco5v8,0
pyyyqw,0
q7rllk,0
no1zvw,0
5igfn4,0
10o9zmu,0
wk3pjr,0
h82tfr,0
z3nfzp,0
pcpavp,0
phb8jj,0
nx6lww,0
fcdf8f,0
qa8y2u,0
q0lof5,0
xzg5bi,0
6wh3eb,0
qhu8o8,0
olqavz,0
p44325,0
z4hh1p,0
q67640,0
oezncq,0
vm4qg5,0
91d1c8,0
op8kpb,0
voip26,0
o5o0t0,0
q1fygu,0
pnpcda,0
qe3umk,0
pabbgb,0
o65weg,0
om2rzo,0
oxmlat,0
pimd5t,0
opersy,0
pidjqz,0
pgwehg,0
pzqesk,0
10hoage,0
hs6uk0,0
zq787,0
pvqzse,0
gp8ruo,0
prfxyt,0
otejv9,0
zi7sq7,0
qwl6p4,0
k0fnmj,0
x18u2v,0
shtvnz,0
10h0nka,0
vual0x,0
pee5b5,0
11020dg,0
ghsgme,0
116mbwm,0
ux49un,0
pf1z0k,0
vrjqgj,0
pne66y,0
rnoz57,0
qt4mdl,0
qirmgz,0
wjpap5,0
zv772e,0
v17snc,0
gs9d78,0
xfypmr,0
10mmab8,0
115qahc,0
ecgdbj,0
of9zdl,0
10ld653,0
115l42d,0
xtg6v6,0
hwbuvp,0
xqqaq9,0
x4wr70,0
x3vo7o,0
pvny40,0
zwszkd,0
jymz7n,0
rk5aq4,0
w36zru,0
vw87b7,0
f338u4,0
qspzb2,0
kcl0mq,0
qiv589,0
q8grz1,0
xmd355,0
wym06m,0
xiye5g,0
hjki54,0
qbvdl2,0
hxdatu,0
v3ggmq,0
qhsl4y,0
gvvdg2,0
qi8xmj,0
r4yeu8,0
zqqh1r,0
syr4sr,0
118gkir,0
usvrrf,0
j935fd,0
wiy0tj,0
pv0u98,0
116xnwy,0
10skqjo,0
k1kvwk,0
hw8ezo,0
rxz1bn,0
9xo72z,0
qtfvom,0
t5icdz,0
x5ll08,0
fujvcs,0
maxm9a,0
117yz2d,0
qaftch,0
x05tuq,0
ws35d0,0
rylmgk,0
qitnig,0
om712n,0
pu48j8,0
tjkppc,0
x2lfl7,0
10va4ax,0
eb5wjc,0
ze2j8p,0
wfyju2,0
oo7ab8,0
p1p9wc,0
pwxfuq,0
mn0q26,0
zz2124,0
qv35qi,0
g23p5c,0
qhezvc,0
xul5l4,0
w5r5za,0
u53zey,0
qhpwhm,0
102yp2h,0
kziah6,0
sxs5qy,0
gndw2j,0
10gv8b0,0
x6p8nv,0
br3x2j,0
gnlvvj,0
gao0kj,0
vvpbl4,0
wg5pfv,0
y1bxzt,0
x23sno,0
112f408,0
pvgbah,0
zr1et6,0
yklobw,0
cejmq8,0
c72z5e,0
zpbwww,0
10otbvg,0
zzc4cv,0
zl5u8w,0
cp6hhu,0
xo1y44,0
116zt49,0
xq1q28,0
wzq5ms,0
ybgg0v,0
z697wn,0
c4cgh5,0
116pfw0,0
c1czo9,0
c39bi1,0
yc647e,0
jnvymh,0
11lum28,0
bk5fp2,0
bdljvq,0
ehtm14,0
udv6pu,0
ywgmhg,0
zzwxld,0
wqivox,0
own79d,0
vq8foc,0
3rp0ot,0
gg38is,0
1b46fk,0
gyc2w5,0
8zndqu,0
ozdvoy,0
w35w99,0
11moz1t,0
6gfj8y,0
hdw0e0,0
y0f2si,0
10mzpbe,0
2je45b,0
11paaec,0
xiwze4,0
q8dias,0
lj0xaa,0
11dscfc,0
geh9ki,0
113ey7t,0
y8od3o,0
r9wv5s,0
11a5if1,0
xh2490,0
ljy79s,0
yyiwmk,0
27qcm0,0
isq46f,0
v9087b,0
ry764c,0
xdspp9,0
eiervi,0
8div4w,0
v97bqn,0
f8113,0
1rt4bm,0
vjkw3t,0
ibtk9h,0
2tumym,0
nklmrh,0
rarf0a,0
zhq6kh,0
bfykff,0
197cg2,0
tsaues,0
wj8cx2,0
zqhjpg,0
sghcih,0
slvtb,0
zhaiai,0
ve416v,0
vtnbvy,0
a7xxkz,0
116ncq9,0
dpedaj,0
wn6lum,0
10tf6h0,0
eb81yr,0
bvc57,0
96mjld,0
x03ir2,0
118t5vh,0
trz3ac,0
punpyy,0
pla24a,0
sewvce,0
q41btl,0
11icqaf,0
n05gm,0
9brojd,0
q8c1fn,0
11kyhyz,0
4wng6f,0
11jdmcw,0
qkwkja,0
c4vja7,0
llb4v3,0
yjapyt,0
wlhauf,0
n27zy4,0
107f2hm,0
f47xaf,0
ntfcr,0
hubpzr,0
mwi8b0,0
u3vho6,0
gdq8qd,0
ztcyi4,0
yldfx,0
10hba1o,0
118lk90,0
w4kq4n,0
y41bhb,0
ys5fgs,0
qfss22,0
w5l6ks,0
t2jesd,0
1125mn7,0
pvays6,0
8oxth8,0
ra8ahx,0
wu0c3z,0
100hphk,0
ctc3wc,0
10w35b8,0
et32p3,0
zpeeky,0
dp8ucd,0
6ulnas,0
zdvta6,0
v27a1c,0
hhit2p,0
kubxyp,0
ir14uu,0
lyq5s8,0
tu1rv5,0
x3530o,0
y3tdsd,0
unvzfm,0
qs2lpf,0
gz8qff,0
6euc93,0
dnwwlq,0
qn8pp,0
